,nature,type,id,description,cwe_counts,cwe_id
2,ChildOf,pillar,707,Improper Neutralization,80,20
3,ParentOf,base,179,Incorrect Behavior Order: Early Validation,80,20
4,ParentOf,variant,622,Improper Validation of Function Hook Arguments,80,20
5,ParentOf,base,1173,Improper Use of Validation Framework,80,20
6,ParentOf,base,1284,Improper Validation of Specified Quantity in Input,80,20
7,ParentOf,base,1285,"Improper Validation of Specified Index, Position, or Offset in Input",80,20
8,ParentOf,base,1286,Improper Validation of Syntactic Correctness of Input,80,20
9,ParentOf,base,1287,Improper Validation of Specified Type of Input,80,20
10,ParentOf,base,1288,Improper Validation of Consistency within Input,80,20
11,ParentOf,base,1289,Improper Validation of Unsafe Equivalence in Input,80,20
12,PeerOf,class,345,Insufficient Verification of Data Authenticity,80,20
13,CanPrecede,base,22,Improper Limitation of a Pathname to a Restricted Directory ('Path Traversal'),80,20
14,CanPrecede,base,41,Improper Resolution of Path Equivalence,80,20
15,CanPrecede,class,74,Improper Neutralization of Special Elements in Output Used by a Downstream Component ('Injection'),80,20
16,CanPrecede,class,119,Improper Restriction of Operations within the Bounds of a Memory Buffer,80,20
17,CanPrecede,base,770,Allocation of Resources Without Limits or Throttling,80,20
18,ParentOf,variant,129,Improper Validation of Array Index,80,20
19,ParentOf,base,1284,Improper Validation of Specified Quantity in Input,80,20
20,MemberOf,category,1019,Validate Inputs,80,20
21,ParentOf,base,15,External Control of System or Configuration Setting,80,20
22,ParentOf,base,73,External Control of File Name or Path,80,20
23,ParentOf,variant,102,Struts: Duplicate Validation Forms,80,20
24,ParentOf,variant,103,Struts: Incomplete validate() Method Definition,80,20
25,ParentOf,variant,104,Struts: Form Bean Does Not Extend Validation Class,80,20
26,ParentOf,variant,105,Struts: Form Field Without Validator,80,20
27,ParentOf,variant,106,Struts: Plug-in Framework not in Use,80,20
28,ParentOf,variant,107,Struts: Unused Validation Form,80,20
29,ParentOf,variant,108,Struts: Unvalidated Action Form,80,20
30,ParentOf,variant,109,Struts: Validator Turned Off,80,20
31,ParentOf,variant,110,Struts: Validator Without Form Field,80,20
32,ParentOf,variant,111,Direct Use of Unsafe JNI,80,20
33,ParentOf,base,112,Missing XML Validation,80,20
34,ParentOf,variant,113,Improper Neutralization of CRLF Sequences in HTTP Headers ('HTTP Request/Response Splitting'),80,20
35,ParentOf,class,114,Process Control,80,20
36,ParentOf,base,117,Improper Output Neutralization for Logs,80,20
37,ParentOf,class,119,Improper Restriction of Operations within the Bounds of a Memory Buffer,80,20
38,ParentOf,base,120,Buffer Copy without Checking Size of Input ('Classic Buffer Overflow'),80,20
39,ParentOf,base,134,Use of Externally-Controlled Format String,80,20
40,ParentOf,base,170,Improper Null Termination,80,20
41,ParentOf,base,190,Integer Overflow or Wraparound,80,20
42,ParentOf,base,466,Return of Pointer Value Outside of Expected Range,80,20
43,ParentOf,base,470,Use of Externally-Controlled Input to Select Classes or Code ('Unsafe Reflection'),80,20
44,ParentOf,variant,785,Use of Path Manipulation Function without Maximum-sized Buffer,80,20
45,MemberOf,view,635,Weaknesses Originally Used by NVD from 2008 to 2016,80,20
46,MemberOf,category,722,OWASP Top Ten 2004 Category A1 - Unvalidated Input,80,20
47,MemberOf,category,738,CERT C Secure Coding Standard (2008) Chapter 5 - Integers (INT),80,20
48,MemberOf,category,742,CERT C Secure Coding Standard (2008) Chapter 9 - Memory Management (MEM),80,20
49,MemberOf,category,746,CERT C Secure Coding Standard (2008) Chapter 13 - Error Handling (ERR),80,20
50,MemberOf,category,747,CERT C Secure Coding Standard (2008) Chapter 14 - Miscellaneous (MSC),80,20
51,MemberOf,category,751,2009 Top 25 - Insecure Interaction Between Components,80,20
52,MemberOf,category,872,CERT C++ Secure Coding Section 04 - Integers (INT),80,20
53,MemberOf,category,876,CERT C++ Secure Coding Section 08 - Memory Management (MEM),80,20
54,MemberOf,category,883,CERT C++ Secure Coding Section 49 - Miscellaneous (MSC),80,20
55,MemberOf,category,994,SFP Secondary Cluster: Tainted Input to Variable,80,20
56,MemberOf,view,1003,Weaknesses for Simplified Mapping of Published Vulnerabilities,80,20
57,MemberOf,category,1005,7PK - Input Validation and Representation,80,20
58,MemberOf,category,1163,SEI CERT C Coding Standard - Guidelines 09. Input Output (FIO),80,20
59,MemberOf,view,1200,Weaknesses in the 2019 CWE Top 25 Most Dangerous Software Errors,80,20
60,MemberOf,view,1337,Weaknesses in the 2021 CWE Top 25 Most Dangerous Software Weaknesses,80,20
61,MemberOf,category,1347,OWASP Top Ten 2021 Category A03:2021 - Injection,80,20
62,MemberOf,view,1350,Weaknesses in the 2020 CWE Top 25 Most Dangerous Software Weaknesses,80,20
63,MemberOf,category,1382,ICS Operations (& Maintenance): Emerging Energy Technologies,80,20
64,MemberOf,view,1387,Weaknesses in the 2022 CWE Top 25 Most Dangerous Software Weaknesses,80,20
65,MemberOf,category,1406,Comprehensive Categorization: Improper Input Validation,80,20
66,MemberOf,view,1425,Weaknesses in the 2023 CWE Top 25 Most Dangerous Software Weaknesses,80,20
2,ChildOf,class,74,Improper Neutralization of Special Elements in Output Used by a Downstream Component ('Injection'),14,79
3,ParentOf,variant,80,Improper Neutralization of Script-Related HTML Tags in a Web Page (Basic XSS),14,79
4,ParentOf,variant,81,Improper Neutralization of Script in an Error Message Web Page,14,79
5,ParentOf,variant,83,Improper Neutralization of Script in Attributes in a Web Page,14,79
6,ParentOf,variant,84,Improper Neutralization of Encoded URI Schemes in a Web Page,14,79
7,ParentOf,variant,85,Doubled Character XSS Manipulations,14,79
8,ParentOf,variant,86,Improper Neutralization of Invalid Characters in Identifiers in Web Pages,14,79
9,ParentOf,variant,87,Improper Neutralization of Alternate XSS Syntax,14,79
10,PeerOf,composite,352,Cross-Site Request Forgery (CSRF),14,79
11,CanFollow,variant,113,Improper Neutralization of CRLF Sequences in HTTP Headers ('HTTP Request/Response Splitting'),14,79
12,CanFollow,base,184,Incomplete List of Disallowed Inputs,14,79
13,CanPrecede,base,494,Download of Code Without Integrity Check,14,79
14,MemberOf,category,137,Data Neutralization Issues,14,79
15,ChildOf,class,74,Improper Neutralization of Special Elements in Output Used by a Downstream Component ('Injection'),14,79
16,MemberOf,category,1019,Validate Inputs,14,79
17,MemberOf,view,635,Weaknesses Originally Used by NVD from 2008 to 2016,14,79
18,MemberOf,category,712,OWASP Top Ten 2007 Category A1 - Cross Site Scripting (XSS),14,79
19,MemberOf,category,722,OWASP Top Ten 2004 Category A1 - Unvalidated Input,14,79
20,MemberOf,category,725,OWASP Top Ten 2004 Category A4 - Cross-Site Scripting (XSS) Flaws,14,79
21,MemberOf,category,751,2009 Top 25 - Insecure Interaction Between Components,14,79
22,MemberOf,category,801,2010 Top 25 - Insecure Interaction Between Components,14,79
23,MemberOf,category,811,OWASP Top Ten 2010 Category A2 - Cross-Site Scripting (XSS),14,79
24,MemberOf,category,864,2011 Top 25 - Insecure Interaction Between Components,14,79
25,MemberOf,view,884,CWE Cross-section,14,79
26,MemberOf,category,931,OWASP Top Ten 2013 Category A3 - Cross-Site Scripting (XSS),14,79
27,MemberOf,category,990,SFP Secondary Cluster: Tainted Input to Command,14,79
28,MemberOf,category,1005,7PK - Input Validation and Representation,14,79
29,MemberOf,category,1033,OWASP Top Ten 2017 Category A7 - Cross-Site Scripting (XSS),14,79
30,MemberOf,category,1131,CISQ Quality Measures (2016) - Security,14,79
31,MemberOf,view,1200,Weaknesses in the 2019 CWE Top 25 Most Dangerous Software Errors,14,79
32,MemberOf,category,1308,CISQ Quality Measures - Security,14,79
33,MemberOf,view,1337,Weaknesses in the 2021 CWE Top 25 Most Dangerous Software Weaknesses,14,79
34,MemberOf,view,1340,CISQ Data Protection Measures,14,79
35,MemberOf,category,1347,OWASP Top Ten 2021 Category A03:2021 - Injection,14,79
36,MemberOf,view,1350,Weaknesses in the 2020 CWE Top 25 Most Dangerous Software Weaknesses,14,79
37,MemberOf,view,1387,Weaknesses in the 2022 CWE Top 25 Most Dangerous Software Weaknesses,14,79
38,MemberOf,category,1409,Comprehensive Categorization: Injection,14,79
39,MemberOf,view,1425,Weaknesses in the 2023 CWE Top 25 Most Dangerous Software Weaknesses,14,79
2,ChildOf,pillar,707,Improper Neutralization,14,116
3,ParentOf,base,117,Improper Output Neutralization for Logs,14,116
4,ParentOf,variant,644,Improper Neutralization of HTTP Headers for Scripting Syntax,14,116
5,ParentOf,base,838,Inappropriate Encoding for Output Context,14,116
6,CanPrecede,class,74,Improper Neutralization of Special Elements in Output Used by a Downstream Component ('Injection'),14,116
7,ParentOf,base,838,Inappropriate Encoding for Output Context,14,116
8,MemberOf,category,751,2009 Top 25 - Insecure Interaction Between Components,14,116
9,MemberOf,category,845,The CERT Oracle Secure Coding Standard for Java (2011) Chapter 2 - Input Validation and Data Sanitization (IDS),14,116
10,MemberOf,category,883,CERT C++ Secure Coding Section 49 - Miscellaneous (MSC),14,116
11,MemberOf,category,992,SFP Secondary Cluster: Faulty Input Transformation,14,116
12,MemberOf,view,1003,Weaknesses for Simplified Mapping of Published Vulnerabilities,14,116
13,MemberOf,category,1134,SEI CERT Oracle Secure Coding Standard for Java - Guidelines 00. Input Validation and Data Sanitization (IDS),14,116
14,MemberOf,category,1179,SEI CERT Perl Coding Standard - Guidelines 01. Input Validation and Data Sanitization (IDS),14,116
15,MemberOf,category,1347,OWASP Top Ten 2021 Category A03:2021 - Injection,14,116
16,MemberOf,category,1407,Comprehensive Categorization: Improper Neutralization,14,116
3,ChildOf,class,668,Exposure of Resource to Wrong Sphere,59,200
4,ParentOf,base,201,Insertion of Sensitive Information Into Sent Data,59,200
5,ParentOf,base,203,Observable Discrepancy,59,200
6,ParentOf,base,209,Generation of Error Message Containing Sensitive Information,59,200
7,ParentOf,base,213,Exposure of Sensitive Information Due to Incompatible Policies,59,200
8,ParentOf,base,215,Insertion of Sensitive Information Into Debugging Code,59,200
9,ParentOf,base,359,Exposure of Private Personal Information to an Unauthorized Actor,59,200
10,ParentOf,base,497,Exposure of Sensitive System Information to an Unauthorized Control Sphere,59,200
11,ParentOf,base,538,Insertion of Sensitive Information into Externally-Accessible File or Directory,59,200
12,ParentOf,base,1258,Exposure of Sensitive System Information Due to Uncleared Debug Information,59,200
13,ParentOf,base,1273,Device Unlock Credential Sharing,59,200
14,ParentOf,base,1295,Debug Messages Revealing Unnecessary Information,59,200
15,CanFollow,variant,498,Cloneable Class Containing Sensitive Information,59,200
16,CanFollow,variant,499,Serializable Class Containing Sensitive Data,59,200
17,CanFollow,base,1272,Sensitive Information Uncleared Before Debug/Power State Transition,59,200
18,ParentOf,base,203,Observable Discrepancy,59,200
19,ParentOf,base,209,Generation of Error Message Containing Sensitive Information,59,200
20,ParentOf,base,532,Insertion of Sensitive Information into Log File,59,200
21,MemberOf,view,635,Weaknesses Originally Used by NVD from 2008 to 2016,59,200
22,MemberOf,category,717,OWASP Top Ten 2007 Category A6 - Information Leakage and Improper Error Handling,59,200
23,MemberOf,category,963,SFP Secondary Cluster: Exposed Data,59,200
24,MemberOf,view,1003,Weaknesses for Simplified Mapping of Published Vulnerabilities,59,200
25,MemberOf,view,1200,Weaknesses in the 2019 CWE Top 25 Most Dangerous Software Errors,59,200
26,MemberOf,view,1337,Weaknesses in the 2021 CWE Top 25 Most Dangerous Software Weaknesses,59,200
27,MemberOf,category,1345,OWASP Top Ten 2021 Category A01:2021 - Broken Access Control,59,200
28,MemberOf,view,1350,Weaknesses in the 2020 CWE Top 25 Most Dangerous Software Weaknesses,59,200
29,MemberOf,category,1417,Comprehensive Categorization: Sensitive Information Exposure,59,200
3,ChildOf,class,755,Improper Handling of Exceptional Conditions,51,209
4,ChildOf,class,200,Exposure of Sensitive Information to an Unauthorized Actor,51,209
5,ParentOf,base,210,Self-generated Error Message Containing Sensitive Information,51,209
6,ParentOf,base,211,Externally-Generated Error Message Containing Sensitive Information,51,209
7,ParentOf,variant,550,Server-generated Error Message Containing Sensitive Information,51,209
8,PeerOf,base,1295,Debug Messages Revealing Unnecessary Information,51,209
9,CanFollow,variant,600,Uncaught Exception in Servlet,51,209
10,CanFollow,base,756,Missing Custom Error Page,51,209
11,MemberOf,category,199,Information Management Errors,51,209
12,MemberOf,category,389,"Error Conditions, Return Values, Status Codes",51,209
13,ChildOf,class,200,Exposure of Sensitive Information to an Unauthorized Actor,51,209
14,MemberOf,category,1015,Limit Access,51,209
15,MemberOf,category,717,OWASP Top Ten 2007 Category A6 - Information Leakage and Improper Error Handling,51,209
16,MemberOf,category,728,OWASP Top Ten 2004 Category A7 - Improper Error Handling,51,209
17,MemberOf,category,731,OWASP Top Ten 2004 Category A10 - Insecure Configuration Management,51,209
18,MemberOf,category,751,2009 Top 25 - Insecure Interaction Between Components,51,209
19,MemberOf,category,801,2010 Top 25 - Insecure Interaction Between Components,51,209
20,MemberOf,category,815,OWASP Top Ten 2010 Category A6 - Security Misconfiguration,51,209
21,MemberOf,category,851,The CERT Oracle Secure Coding Standard for Java (2011) Chapter 8 - Exceptional Behavior (ERR),51,209
22,MemberOf,category,867,2011 Top 25 - Weaknesses On the Cusp,51,209
23,MemberOf,category,880,CERT C++ Secure Coding Section 12 - Exceptions and Error Handling (ERR),51,209
24,MemberOf,view,884,CWE Cross-section,51,209
25,MemberOf,category,933,OWASP Top Ten 2013 Category A5 - Security Misconfiguration,51,209
26,MemberOf,category,963,SFP Secondary Cluster: Exposed Data,51,209
27,MemberOf,category,1032,OWASP Top Ten 2017 Category A6 - Security Misconfiguration,51,209
28,MemberOf,category,1348,OWASP Top Ten 2021 Category A04:2021 - Insecure Design,51,209
29,MemberOf,category,1417,Comprehensive Categorization: Sensitive Information Exposure,51,209
2,ChildOf,class,200,Exposure of Sensitive Information to an Unauthorized Actor,51,497
3,ParentOf,base,214,Invocation of Process Using Visible Sensitive Information,51,497
4,ParentOf,variant,548,Exposure of Information Through Directory Listing,51,497
5,MemberOf,category,199,Information Management Errors,51,497
6,MemberOf,category,485,7PK - Encapsulation,51,497
7,MemberOf,category,851,The CERT Oracle Secure Coding Standard for Java (2011) Chapter 8 - Exceptional Behavior (ERR),51,497
8,MemberOf,category,880,CERT C++ Secure Coding Section 12 - Exceptions and Error Handling (ERR),51,497
9,MemberOf,category,963,SFP Secondary Cluster: Exposed Data,51,497
10,MemberOf,category,1345,OWASP Top Ten 2021 Category A01:2021 - Broken Access Control,51,497
11,MemberOf,category,1417,Comprehensive Categorization: Sensitive Information Exposure,51,497
2,ChildOf,class,610,Externally Controlled Reference to a Resource in Another Sphere,10,601
3,MemberOf,category,19,Data Processing Errors,10,601
4,ChildOf,class,610,Externally Controlled Reference to a Resource in Another Sphere,10,601
5,MemberOf,category,1019,Validate Inputs,10,601
6,MemberOf,category,722,OWASP Top Ten 2004 Category A1 - Unvalidated Input,10,601
7,MemberOf,category,801,2010 Top 25 - Insecure Interaction Between Components,10,601
8,MemberOf,category,819,OWASP Top Ten 2010 Category A10 - Unvalidated Redirects and Forwards,10,601
9,MemberOf,category,864,2011 Top 25 - Insecure Interaction Between Components,10,601
10,MemberOf,view,884,CWE Cross-section,10,601
11,MemberOf,category,938,OWASP Top Ten 2013 Category A10 - Unvalidated Redirects and Forwards,10,601
12,MemberOf,category,990,SFP Secondary Cluster: Tainted Input to Command,10,601
13,MemberOf,category,1345,OWASP Top Ten 2021 Category A01:2021 - Broken Access Control,10,601
14,MemberOf,category,1382,ICS Operations (& Maintenance): Emerging Energy Technologies,10,601
15,MemberOf,category,1396,Comprehensive Categorization: Access Control,10,601
3,ChildOf,class,913,Improper Control of Dynamically-Managed Code Resources,1,94
4,ChildOf,class,74,Improper Neutralization of Special Elements in Output Used by a Downstream Component ('Injection'),1,94
5,ParentOf,variant,95,Improper Neutralization of Directives in Dynamically Evaluated Code ('Eval Injection'),1,94
6,ParentOf,base,96,Improper Neutralization of Directives in Statically Saved Code ('Static Code Injection'),1,94
7,ParentOf,base,1336,Improper Neutralization of Special Elements Used in a Template Engine,1,94
8,CanFollow,variant,98,Improper Control of Filename for Include/Require Statement in PHP Program ('PHP Remote File Inclusion'),1,94
9,MemberOf,category,137,Data Neutralization Issues,1,94
10,ChildOf,class,74,Improper Neutralization of Special Elements in Output Used by a Downstream Component ('Injection'),1,94
11,MemberOf,category,1019,Validate Inputs,1,94
12,MemberOf,view,635,Weaknesses Originally Used by NVD from 2008 to 2016,1,94
13,MemberOf,category,752,2009 Top 25 - Risky Resource Management,1,94
14,MemberOf,view,884,CWE Cross-section,1,94
15,MemberOf,category,991,SFP Secondary Cluster: Tainted Input to Environment,1,94
16,MemberOf,view,1200,Weaknesses in the 2019 CWE Top 25 Most Dangerous Software Errors,1,94
17,MemberOf,category,1347,OWASP Top Ten 2021 Category A03:2021 - Injection,1,94
18,MemberOf,view,1350,Weaknesses in the 2020 CWE Top 25 Most Dangerous Software Weaknesses,1,94
19,MemberOf,view,1387,Weaknesses in the 2022 CWE Top 25 Most Dangerous Software Weaknesses,1,94
20,MemberOf,category,1409,Comprehensive Categorization: Injection,1,94
21,MemberOf,view,1425,Weaknesses in the 2023 CWE Top 25 Most Dangerous Software Weaknesses,1,94
2,ChildOf,base,94,Improper Control of Generation of Code ('Code Injection'),1,95
3,MemberOf,category,1019,Validate Inputs,1,95
4,MemberOf,category,714,OWASP Top Ten 2007 Category A3 - Malicious File Execution,1,95
5,MemberOf,category,727,OWASP Top Ten 2004 Category A6 - Injection Flaws,1,95
6,MemberOf,view,884,CWE Cross-section,1,95
7,MemberOf,category,990,SFP Secondary Cluster: Tainted Input to Command,1,95
8,MemberOf,category,1179,SEI CERT Perl Coding Standard - Guidelines 01. Input Validation and Data Sanitization (IDS),1,95
9,MemberOf,category,1347,OWASP Top Ten 2021 Category A03:2021 - Injection,1,95
10,MemberOf,category,1409,Comprehensive Categorization: Injection,1,95
2,ChildOf,pillar,707,Improper Neutralization,1,116
3,ParentOf,base,117,Improper Output Neutralization for Logs,1,116
4,ParentOf,variant,644,Improper Neutralization of HTTP Headers for Scripting Syntax,1,116
5,ParentOf,base,838,Inappropriate Encoding for Output Context,1,116
6,CanPrecede,class,74,Improper Neutralization of Special Elements in Output Used by a Downstream Component ('Injection'),1,116
7,ParentOf,base,838,Inappropriate Encoding for Output Context,1,116
8,MemberOf,category,751,2009 Top 25 - Insecure Interaction Between Components,1,116
9,MemberOf,category,845,The CERT Oracle Secure Coding Standard for Java (2011) Chapter 2 - Input Validation and Data Sanitization (IDS),1,116
10,MemberOf,category,883,CERT C++ Secure Coding Section 49 - Miscellaneous (MSC),1,116
11,MemberOf,category,992,SFP Secondary Cluster: Faulty Input Transformation,1,116
12,MemberOf,view,1003,Weaknesses for Simplified Mapping of Published Vulnerabilities,1,116
13,MemberOf,category,1134,SEI CERT Oracle Secure Coding Standard for Java - Guidelines 00. Input Validation and Data Sanitization (IDS),1,116
14,MemberOf,category,1179,SEI CERT Perl Coding Standard - Guidelines 01. Input Validation and Data Sanitization (IDS),1,116
15,MemberOf,category,1347,OWASP Top Ten 2021 Category A03:2021 - Injection,1,116
16,MemberOf,category,1407,Comprehensive Categorization: Improper Neutralization,1,116
1,ChildOf,class,913,Improper Control of Dynamically-Managed Code Resources,3,502
2,PeerOf,base,915,Improperly Controlled Modification of Dynamically-Determined Object Attributes,3,502
3,MemberOf,category,399,Resource Management Errors,3,502
4,ChildOf,class,913,Improper Control of Dynamically-Managed Code Resources,3,502
5,MemberOf,category,1019,Validate Inputs,3,502
6,MemberOf,category,858,The CERT Oracle Secure Coding Standard for Java (2011) Chapter 15 - Serialization (SER),3,502
7,MemberOf,view,884,CWE Cross-section,3,502
8,MemberOf,category,994,SFP Secondary Cluster: Tainted Input to Variable,3,502
9,MemberOf,category,1034,OWASP Top Ten 2017 Category A8 - Insecure Deserialization,3,502
10,MemberOf,category,1148,SEI CERT Oracle Secure Coding Standard for Java - Guidelines 14. Serialization (SER),3,502
11,MemberOf,view,1200,Weaknesses in the 2019 CWE Top 25 Most Dangerous Software Errors,3,502
12,MemberOf,category,1308,CISQ Quality Measures - Security,3,502
13,MemberOf,view,1337,Weaknesses in the 2021 CWE Top 25 Most Dangerous Software Weaknesses,3,502
14,MemberOf,view,1340,CISQ Data Protection Measures,3,502
15,MemberOf,view,1350,Weaknesses in the 2020 CWE Top 25 Most Dangerous Software Weaknesses,3,502
16,MemberOf,category,1354,OWASP Top Ten 2021 Category A08:2021 - Software and Data Integrity Failures,3,502
17,MemberOf,view,1387,Weaknesses in the 2022 CWE Top 25 Most Dangerous Software Weaknesses,3,502
18,MemberOf,category,1415,Comprehensive Categorization: Resource Control,3,502
19,MemberOf,view,1425,Weaknesses in the 2023 CWE Top 25 Most Dangerous Software Weaknesses,3,502
1,ChildOf,class,441,Unintended Proxy or Intermediary ('Confused Deputy'),7,918
2,MemberOf,category,417,Communication Channel Errors,7,918
3,ChildOf,class,610,Externally Controlled Reference to a Resource in Another Sphere,7,918
4,MemberOf,view,1337,Weaknesses in the 2021 CWE Top 25 Most Dangerous Software Weaknesses,7,918
5,MemberOf,category,1356,OWASP Top Ten 2021 Category A10:2021 - Server-Side Request Forgery (SSRF),7,918
6,MemberOf,view,1387,Weaknesses in the 2022 CWE Top 25 Most Dangerous Software Weaknesses,7,918
7,MemberOf,category,1396,Comprehensive Categorization: Access Control,7,918
8,MemberOf,view,1425,Weaknesses in the 2023 CWE Top 25 Most Dangerous Software Weaknesses,7,918
2,ChildOf,pillar,707,Improper Neutralization,2,20
3,ParentOf,base,179,Incorrect Behavior Order: Early Validation,2,20
4,ParentOf,variant,622,Improper Validation of Function Hook Arguments,2,20
5,ParentOf,base,1173,Improper Use of Validation Framework,2,20
6,ParentOf,base,1284,Improper Validation of Specified Quantity in Input,2,20
7,ParentOf,base,1285,"Improper Validation of Specified Index, Position, or Offset in Input",2,20
8,ParentOf,base,1286,Improper Validation of Syntactic Correctness of Input,2,20
9,ParentOf,base,1287,Improper Validation of Specified Type of Input,2,20
10,ParentOf,base,1288,Improper Validation of Consistency within Input,2,20
11,ParentOf,base,1289,Improper Validation of Unsafe Equivalence in Input,2,20
12,PeerOf,class,345,Insufficient Verification of Data Authenticity,2,20
13,CanPrecede,base,22,Improper Limitation of a Pathname to a Restricted Directory ('Path Traversal'),2,20
14,CanPrecede,base,41,Improper Resolution of Path Equivalence,2,20
15,CanPrecede,class,74,Improper Neutralization of Special Elements in Output Used by a Downstream Component ('Injection'),2,20
16,CanPrecede,class,119,Improper Restriction of Operations within the Bounds of a Memory Buffer,2,20
17,CanPrecede,base,770,Allocation of Resources Without Limits or Throttling,2,20
18,ParentOf,variant,129,Improper Validation of Array Index,2,20
19,ParentOf,base,1284,Improper Validation of Specified Quantity in Input,2,20
20,MemberOf,category,1019,Validate Inputs,2,20
21,ParentOf,base,15,External Control of System or Configuration Setting,2,20
22,ParentOf,base,73,External Control of File Name or Path,2,20
23,ParentOf,variant,102,Struts: Duplicate Validation Forms,2,20
24,ParentOf,variant,103,Struts: Incomplete validate() Method Definition,2,20
25,ParentOf,variant,104,Struts: Form Bean Does Not Extend Validation Class,2,20
26,ParentOf,variant,105,Struts: Form Field Without Validator,2,20
27,ParentOf,variant,106,Struts: Plug-in Framework not in Use,2,20
28,ParentOf,variant,107,Struts: Unused Validation Form,2,20
29,ParentOf,variant,108,Struts: Unvalidated Action Form,2,20
30,ParentOf,variant,109,Struts: Validator Turned Off,2,20
31,ParentOf,variant,110,Struts: Validator Without Form Field,2,20
32,ParentOf,variant,111,Direct Use of Unsafe JNI,2,20
33,ParentOf,base,112,Missing XML Validation,2,20
34,ParentOf,variant,113,Improper Neutralization of CRLF Sequences in HTTP Headers ('HTTP Request/Response Splitting'),2,20
35,ParentOf,class,114,Process Control,2,20
36,ParentOf,base,117,Improper Output Neutralization for Logs,2,20
37,ParentOf,class,119,Improper Restriction of Operations within the Bounds of a Memory Buffer,2,20
38,ParentOf,base,120,Buffer Copy without Checking Size of Input ('Classic Buffer Overflow'),2,20
39,ParentOf,base,134,Use of Externally-Controlled Format String,2,20
40,ParentOf,base,170,Improper Null Termination,2,20
41,ParentOf,base,190,Integer Overflow or Wraparound,2,20
42,ParentOf,base,466,Return of Pointer Value Outside of Expected Range,2,20
43,ParentOf,base,470,Use of Externally-Controlled Input to Select Classes or Code ('Unsafe Reflection'),2,20
44,ParentOf,variant,785,Use of Path Manipulation Function without Maximum-sized Buffer,2,20
45,MemberOf,view,635,Weaknesses Originally Used by NVD from 2008 to 2016,2,20
46,MemberOf,category,722,OWASP Top Ten 2004 Category A1 - Unvalidated Input,2,20
47,MemberOf,category,738,CERT C Secure Coding Standard (2008) Chapter 5 - Integers (INT),2,20
48,MemberOf,category,742,CERT C Secure Coding Standard (2008) Chapter 9 - Memory Management (MEM),2,20
49,MemberOf,category,746,CERT C Secure Coding Standard (2008) Chapter 13 - Error Handling (ERR),2,20
50,MemberOf,category,747,CERT C Secure Coding Standard (2008) Chapter 14 - Miscellaneous (MSC),2,20
51,MemberOf,category,751,2009 Top 25 - Insecure Interaction Between Components,2,20
52,MemberOf,category,872,CERT C++ Secure Coding Section 04 - Integers (INT),2,20
53,MemberOf,category,876,CERT C++ Secure Coding Section 08 - Memory Management (MEM),2,20
54,MemberOf,category,883,CERT C++ Secure Coding Section 49 - Miscellaneous (MSC),2,20
55,MemberOf,category,994,SFP Secondary Cluster: Tainted Input to Variable,2,20
56,MemberOf,view,1003,Weaknesses for Simplified Mapping of Published Vulnerabilities,2,20
57,MemberOf,category,1005,7PK - Input Validation and Representation,2,20
58,MemberOf,category,1163,SEI CERT C Coding Standard - Guidelines 09. Input Output (FIO),2,20
59,MemberOf,view,1200,Weaknesses in the 2019 CWE Top 25 Most Dangerous Software Errors,2,20
60,MemberOf,view,1337,Weaknesses in the 2021 CWE Top 25 Most Dangerous Software Weaknesses,2,20
61,MemberOf,category,1347,OWASP Top Ten 2021 Category A03:2021 - Injection,2,20
62,MemberOf,view,1350,Weaknesses in the 2020 CWE Top 25 Most Dangerous Software Weaknesses,2,20
63,MemberOf,category,1382,ICS Operations (& Maintenance): Emerging Energy Technologies,2,20
64,MemberOf,view,1387,Weaknesses in the 2022 CWE Top 25 Most Dangerous Software Weaknesses,2,20
65,MemberOf,category,1406,Comprehensive Categorization: Improper Input Validation,2,20
66,MemberOf,view,1425,Weaknesses in the 2023 CWE Top 25 Most Dangerous Software Weaknesses,2,20
2,ChildOf,pillar,707,Improper Neutralization,2,116
3,ParentOf,base,117,Improper Output Neutralization for Logs,2,116
4,ParentOf,variant,644,Improper Neutralization of HTTP Headers for Scripting Syntax,2,116
5,ParentOf,base,838,Inappropriate Encoding for Output Context,2,116
6,CanPrecede,class,74,Improper Neutralization of Special Elements in Output Used by a Downstream Component ('Injection'),2,116
7,ParentOf,base,838,Inappropriate Encoding for Output Context,2,116
8,MemberOf,category,751,2009 Top 25 - Insecure Interaction Between Components,2,116
9,MemberOf,category,845,The CERT Oracle Secure Coding Standard for Java (2011) Chapter 2 - Input Validation and Data Sanitization (IDS),2,116
10,MemberOf,category,883,CERT C++ Secure Coding Section 49 - Miscellaneous (MSC),2,116
11,MemberOf,category,992,SFP Secondary Cluster: Faulty Input Transformation,2,116
12,MemberOf,view,1003,Weaknesses for Simplified Mapping of Published Vulnerabilities,2,116
13,MemberOf,category,1134,SEI CERT Oracle Secure Coding Standard for Java - Guidelines 00. Input Validation and Data Sanitization (IDS),2,116
14,MemberOf,category,1179,SEI CERT Perl Coding Standard - Guidelines 01. Input Validation and Data Sanitization (IDS),2,116
15,MemberOf,category,1347,OWASP Top Ten 2021 Category A03:2021 - Injection,2,116
16,MemberOf,category,1407,Comprehensive Categorization: Improper Neutralization,2,116
2,ChildOf,pillar,697,Incorrect Comparison,2,185
3,ParentOf,base,186,Overly Restrictive Regular Expression,2,185
4,ParentOf,base,625,Permissive Regular Expression,2,185
5,CanPrecede,base,182,Collapse of Data into Unsafe Value,2,185
6,CanPrecede,variant,187,Partial String Comparison,2,185
7,MemberOf,view,884,CWE Cross-section,2,185
8,MemberOf,category,990,SFP Secondary Cluster: Tainted Input to Command,2,185
9,MemberOf,category,1397,Comprehensive Categorization: Comparison,2,185
1,ChildOf,class,185,Incorrect Regular Expression,2,186
4,MemberOf,category,19,Data Processing Errors,2,186
5,MemberOf,category,990,SFP Secondary Cluster: Tainted Input to Command,2,186
6,MemberOf,category,1397,Comprehensive Categorization: Comparison,2,186
2,ChildOf,pillar,707,Improper Neutralization,2,20
3,ParentOf,base,179,Incorrect Behavior Order: Early Validation,2,20
4,ParentOf,variant,622,Improper Validation of Function Hook Arguments,2,20
5,ParentOf,base,1173,Improper Use of Validation Framework,2,20
6,ParentOf,base,1284,Improper Validation of Specified Quantity in Input,2,20
7,ParentOf,base,1285,"Improper Validation of Specified Index, Position, or Offset in Input",2,20
8,ParentOf,base,1286,Improper Validation of Syntactic Correctness of Input,2,20
9,ParentOf,base,1287,Improper Validation of Specified Type of Input,2,20
10,ParentOf,base,1288,Improper Validation of Consistency within Input,2,20
11,ParentOf,base,1289,Improper Validation of Unsafe Equivalence in Input,2,20
12,PeerOf,class,345,Insufficient Verification of Data Authenticity,2,20
13,CanPrecede,base,22,Improper Limitation of a Pathname to a Restricted Directory ('Path Traversal'),2,20
14,CanPrecede,base,41,Improper Resolution of Path Equivalence,2,20
15,CanPrecede,class,74,Improper Neutralization of Special Elements in Output Used by a Downstream Component ('Injection'),2,20
16,CanPrecede,class,119,Improper Restriction of Operations within the Bounds of a Memory Buffer,2,20
17,CanPrecede,base,770,Allocation of Resources Without Limits or Throttling,2,20
18,ParentOf,variant,129,Improper Validation of Array Index,2,20
19,ParentOf,base,1284,Improper Validation of Specified Quantity in Input,2,20
20,MemberOf,category,1019,Validate Inputs,2,20
21,ParentOf,base,15,External Control of System or Configuration Setting,2,20
22,ParentOf,base,73,External Control of File Name or Path,2,20
23,ParentOf,variant,102,Struts: Duplicate Validation Forms,2,20
24,ParentOf,variant,103,Struts: Incomplete validate() Method Definition,2,20
25,ParentOf,variant,104,Struts: Form Bean Does Not Extend Validation Class,2,20
26,ParentOf,variant,105,Struts: Form Field Without Validator,2,20
27,ParentOf,variant,106,Struts: Plug-in Framework not in Use,2,20
28,ParentOf,variant,107,Struts: Unused Validation Form,2,20
29,ParentOf,variant,108,Struts: Unvalidated Action Form,2,20
30,ParentOf,variant,109,Struts: Validator Turned Off,2,20
31,ParentOf,variant,110,Struts: Validator Without Form Field,2,20
32,ParentOf,variant,111,Direct Use of Unsafe JNI,2,20
33,ParentOf,base,112,Missing XML Validation,2,20
34,ParentOf,variant,113,Improper Neutralization of CRLF Sequences in HTTP Headers ('HTTP Request/Response Splitting'),2,20
35,ParentOf,class,114,Process Control,2,20
36,ParentOf,base,117,Improper Output Neutralization for Logs,2,20
37,ParentOf,class,119,Improper Restriction of Operations within the Bounds of a Memory Buffer,2,20
38,ParentOf,base,120,Buffer Copy without Checking Size of Input ('Classic Buffer Overflow'),2,20
39,ParentOf,base,134,Use of Externally-Controlled Format String,2,20
40,ParentOf,base,170,Improper Null Termination,2,20
41,ParentOf,base,190,Integer Overflow or Wraparound,2,20
42,ParentOf,base,466,Return of Pointer Value Outside of Expected Range,2,20
43,ParentOf,base,470,Use of Externally-Controlled Input to Select Classes or Code ('Unsafe Reflection'),2,20
44,ParentOf,variant,785,Use of Path Manipulation Function without Maximum-sized Buffer,2,20
45,MemberOf,view,635,Weaknesses Originally Used by NVD from 2008 to 2016,2,20
46,MemberOf,category,722,OWASP Top Ten 2004 Category A1 - Unvalidated Input,2,20
47,MemberOf,category,738,CERT C Secure Coding Standard (2008) Chapter 5 - Integers (INT),2,20
48,MemberOf,category,742,CERT C Secure Coding Standard (2008) Chapter 9 - Memory Management (MEM),2,20
49,MemberOf,category,746,CERT C Secure Coding Standard (2008) Chapter 13 - Error Handling (ERR),2,20
50,MemberOf,category,747,CERT C Secure Coding Standard (2008) Chapter 14 - Miscellaneous (MSC),2,20
51,MemberOf,category,751,2009 Top 25 - Insecure Interaction Between Components,2,20
52,MemberOf,category,872,CERT C++ Secure Coding Section 04 - Integers (INT),2,20
53,MemberOf,category,876,CERT C++ Secure Coding Section 08 - Memory Management (MEM),2,20
54,MemberOf,category,883,CERT C++ Secure Coding Section 49 - Miscellaneous (MSC),2,20
55,MemberOf,category,994,SFP Secondary Cluster: Tainted Input to Variable,2,20
56,MemberOf,view,1003,Weaknesses for Simplified Mapping of Published Vulnerabilities,2,20
57,MemberOf,category,1005,7PK - Input Validation and Representation,2,20
58,MemberOf,category,1163,SEI CERT C Coding Standard - Guidelines 09. Input Output (FIO),2,20
59,MemberOf,view,1200,Weaknesses in the 2019 CWE Top 25 Most Dangerous Software Errors,2,20
60,MemberOf,view,1337,Weaknesses in the 2021 CWE Top 25 Most Dangerous Software Weaknesses,2,20
61,MemberOf,category,1347,OWASP Top Ten 2021 Category A03:2021 - Injection,2,20
62,MemberOf,view,1350,Weaknesses in the 2020 CWE Top 25 Most Dangerous Software Weaknesses,2,20
63,MemberOf,category,1382,ICS Operations (& Maintenance): Emerging Energy Technologies,2,20
64,MemberOf,view,1387,Weaknesses in the 2022 CWE Top 25 Most Dangerous Software Weaknesses,2,20
65,MemberOf,category,1406,Comprehensive Categorization: Improper Input Validation,2,20
66,MemberOf,view,1425,Weaknesses in the 2023 CWE Top 25 Most Dangerous Software Weaknesses,2,20
3,ChildOf,class,668,Exposure of Resource to Wrong Sphere,37,22
4,ChildOf,class,706,Use of Incorrectly-Resolved Name or Reference,37,22
5,ParentOf,base,23,Relative Path Traversal,37,22
6,ParentOf,base,36,Absolute Path Traversal,37,22
7,CanFollow,class,20,Improper Input Validation,37,22
8,CanFollow,base,73,External Control of File Name or Path,37,22
9,CanFollow,class,172,Encoding Error,37,22
10,MemberOf,category,1219,File Handling Issues,37,22
11,ChildOf,class,706,Use of Incorrectly-Resolved Name or Reference,37,22
12,ParentOf,base,23,Relative Path Traversal,37,22
13,ParentOf,base,36,Absolute Path Traversal,37,22
14,ParentOf,base,23,Relative Path Traversal,37,22
15,ParentOf,base,36,Absolute Path Traversal,37,22
16,MemberOf,view,635,Weaknesses Originally Used by NVD from 2008 to 2016,37,22
17,MemberOf,category,715,OWASP Top Ten 2007 Category A4 - Insecure Direct Object Reference,37,22
18,MemberOf,category,723,OWASP Top Ten 2004 Category A2 - Broken Access Control,37,22
19,MemberOf,category,743,CERT C Secure Coding Standard (2008) Chapter 10 - Input Output (FIO),37,22
20,MemberOf,category,802,2010 Top 25 - Risky Resource Management,37,22
21,MemberOf,category,813,OWASP Top Ten 2010 Category A4 - Insecure Direct Object References,37,22
22,MemberOf,category,865,2011 Top 25 - Risky Resource Management,37,22
23,MemberOf,category,877,CERT C++ Secure Coding Section 09 - Input Output (FIO),37,22
24,MemberOf,view,884,CWE Cross-section,37,22
25,MemberOf,category,932,OWASP Top Ten 2013 Category A4 - Insecure Direct Object References,37,22
26,MemberOf,category,981,SFP Secondary Cluster: Path Traversal,37,22
27,MemberOf,category,1031,OWASP Top Ten 2017 Category A5 - Broken Access Control,37,22
28,MemberOf,category,1131,CISQ Quality Measures (2016) - Security,37,22
29,MemberOf,category,1179,SEI CERT Perl Coding Standard - Guidelines 01. Input Validation and Data Sanitization (IDS),37,22
30,MemberOf,view,1200,Weaknesses in the 2019 CWE Top 25 Most Dangerous Software Errors,37,22
31,MemberOf,category,1308,CISQ Quality Measures - Security,37,22
32,MemberOf,view,1337,Weaknesses in the 2021 CWE Top 25 Most Dangerous Software Weaknesses,37,22
33,MemberOf,view,1340,CISQ Data Protection Measures,37,22
34,MemberOf,category,1345,OWASP Top Ten 2021 Category A01:2021 - Broken Access Control,37,22
35,MemberOf,view,1350,Weaknesses in the 2020 CWE Top 25 Most Dangerous Software Weaknesses,37,22
36,MemberOf,view,1387,Weaknesses in the 2022 CWE Top 25 Most Dangerous Software Weaknesses,37,22
37,MemberOf,category,1404,Comprehensive Categorization: File Handling,37,22
38,MemberOf,view,1425,Weaknesses in the 2023 CWE Top 25 Most Dangerous Software Weaknesses,37,22
2,ChildOf,base,22,Improper Limitation of a Pathname to a Restricted Directory ('Path Traversal'),37,23
3,ParentOf,variant,24,Path Traversal: '../filedir',37,23
4,ParentOf,variant,25,Path Traversal: '/../filedir',37,23
5,ParentOf,variant,26,Path Traversal: '/dir/../filename',37,23
6,ParentOf,variant,27,Path Traversal: 'dir/../../filename',37,23
7,ParentOf,variant,28,Path Traversal: '..\filedir',37,23
8,ParentOf,variant,29,Path Traversal: '\..\filename',37,23
9,ParentOf,variant,30,Path Traversal: '\dir\..\filename',37,23
10,ParentOf,variant,31,Path Traversal: 'dir\..\..\filename',37,23
11,ParentOf,variant,32,Path Traversal: '...' (Triple Dot),37,23
12,ParentOf,variant,33,Path Traversal: '....' (Multiple Dot),37,23
13,ParentOf,variant,34,Path Traversal: '....//',37,23
14,ParentOf,variant,35,Path Traversal: '.../...//',37,23
15,ChildOf,base,22,Improper Limitation of a Pathname to a Restricted Directory ('Path Traversal'),37,23
16,ChildOf,base,22,Improper Limitation of a Pathname to a Restricted Directory ('Path Traversal'),37,23
17,MemberOf,view,884,CWE Cross-section,37,23
18,MemberOf,category,981,SFP Secondary Cluster: Path Traversal,37,23
19,MemberOf,category,1345,OWASP Top Ten 2021 Category A01:2021 - Broken Access Control,37,23
20,MemberOf,category,1404,Comprehensive Categorization: File Handling,37,23
1,ChildOf,base,22,Improper Limitation of a Pathname to a Restricted Directory ('Path Traversal'),37,36
2,ParentOf,variant,37,Path Traversal: '/absolute/pathname/here',37,36
3,ParentOf,variant,38,Path Traversal: '\absolute\pathname\here',37,36
4,ParentOf,variant,39,Path Traversal: 'C:dirname',37,36
5,ParentOf,variant,40,Path Traversal: '\\UNC\share\name\' (Windows UNC Share),37,36
6,ChildOf,base,22,Improper Limitation of a Pathname to a Restricted Directory ('Path Traversal'),37,36
7,ChildOf,base,22,Improper Limitation of a Pathname to a Restricted Directory ('Path Traversal'),37,36
8,MemberOf,view,884,CWE Cross-section,37,36
9,MemberOf,category,981,SFP Secondary Cluster: Path Traversal,37,36
10,MemberOf,category,1404,Comprehensive Categorization: File Handling,37,36
2,ChildOf,class,610,Externally Controlled Reference to a Resource in Another Sphere,37,73
3,ChildOf,class,642,External Control of Critical State Data,37,73
4,ParentOf,class,114,Process Control,37,73
5,CanPrecede,base,22,Improper Limitation of a Pathname to a Restricted Directory ('Path Traversal'),37,73
6,CanPrecede,base,41,Improper Resolution of Path Equivalence,37,73
7,CanPrecede,base,59,Improper Link Resolution Before File Access ('Link Following'),37,73
8,CanPrecede,variant,98,Improper Control of Filename for Include/Require Statement in PHP Program ('PHP Remote File Inclusion'),37,73
9,CanPrecede,base,434,Unrestricted Upload of File with Dangerous Type,37,73
10,MemberOf,category,399,Resource Management Errors,37,73
11,MemberOf,category,1015,Limit Access,37,73
12,ChildOf,class,20,Improper Input Validation,37,73
13,MemberOf,category,723,OWASP Top Ten 2004 Category A2 - Broken Access Control,37,73
14,MemberOf,category,752,2009 Top 25 - Risky Resource Management,37,73
15,MemberOf,category,877,CERT C++ Secure Coding Section 09 - Input Output (FIO),37,73
16,MemberOf,category,981,SFP Secondary Cluster: Path Traversal,37,73
17,MemberOf,category,1348,OWASP Top Ten 2021 Category A04:2021 - Insecure Design,37,73
18,MemberOf,category,1403,Comprehensive Categorization: Exposed Resource,37,73
2,ChildOf,class,74,Improper Neutralization of Special Elements in Output Used by a Downstream Component ('Injection'),37,99
3,ParentOf,base,641,Improper Restriction of Names for Files and Other Resources,37,99
4,ParentOf,base,694,Use of Multiple Resources with Duplicate Identifier,37,99
5,ParentOf,base,914,Improper Control of Dynamically-Identified Variables,37,99
6,PeerOf,class,706,Use of Incorrectly-Resolved Name or Reference,37,99
8,MemberOf,category,1019,Validate Inputs,37,99
9,MemberOf,category,813,OWASP Top Ten 2010 Category A4 - Insecure Direct Object References,37,99
10,MemberOf,view,884,CWE Cross-section,37,99
11,MemberOf,category,932,OWASP Top Ten 2013 Category A4 - Insecure Direct Object References,37,99
12,MemberOf,category,990,SFP Secondary Cluster: Tainted Input to Command,37,99
13,MemberOf,category,1005,7PK - Input Validation and Representation,37,99
14,MemberOf,category,1131,CISQ Quality Measures (2016) - Security,37,99
15,MemberOf,category,1308,CISQ Quality Measures - Security,37,99
16,MemberOf,view,1340,CISQ Data Protection Measures,37,99
17,MemberOf,category,1347,OWASP Top Ten 2021 Category A03:2021 - Injection,37,99
18,MemberOf,category,1409,Comprehensive Categorization: Injection,37,99
1,ChildOf,class,407,Inefficient Algorithmic Complexity,5,1333
2,MemberOf,category,1226,Complexity Issues,5,1333
3,ChildOf,class,407,Inefficient Algorithmic Complexity,5,1333
4,MemberOf,category,1416,Comprehensive Categorization: Resource Lifecycle Management,5,1333
3,ChildOf,pillar,664,Improper Control of a Resource Through its Lifetime,5,400
4,ParentOf,class,405,Asymmetric Resource Consumption (Amplification),5,400
5,ParentOf,base,770,Allocation of Resources Without Limits or Throttling,5,400
6,ParentOf,base,771,Missing Reference to Active Allocated Resource,5,400
7,ParentOf,base,779,Logging of Excessive Data,5,400
8,ParentOf,base,920,Improper Restriction of Power Consumption,5,400
9,ParentOf,base,1235,Incorrect Use of Autoboxing and Unboxing for Performance Critical Operations,5,400
10,ParentOf,base,1246,Improper Write Handling in Limited-write Non-Volatile Memories,5,400
11,CanFollow,base,410,Insufficient Resource Pool,5,400
12,ParentOf,base,770,Allocation of Resources Without Limits or Throttling,5,400
13,ParentOf,base,920,Improper Restriction of Power Consumption,5,400
14,MemberOf,category,730,OWASP Top Ten 2004 Category A9 - Denial of Service,5,400
15,MemberOf,category,858,The CERT Oracle Secure Coding Standard for Java (2011) Chapter 15 - Serialization (SER),5,400
16,MemberOf,category,861,The CERT Oracle Secure Coding Standard for Java (2011) Chapter 18 - Miscellaneous (MSC),5,400
17,MemberOf,view,884,CWE Cross-section,5,400
18,MemberOf,category,985,SFP Secondary Cluster: Unrestricted Consumption,5,400
19,MemberOf,view,1003,Weaknesses for Simplified Mapping of Published Vulnerabilities,5,400
20,MemberOf,category,1148,SEI CERT Oracle Secure Coding Standard for Java - Guidelines 14. Serialization (SER),5,400
21,MemberOf,category,1152,SEI CERT Oracle Secure Coding Standard for Java - Guidelines 49. Miscellaneous (MSC),5,400
22,MemberOf,view,1200,Weaknesses in the 2019 CWE Top 25 Most Dangerous Software Errors,5,400
23,MemberOf,view,1350,Weaknesses in the 2020 CWE Top 25 Most Dangerous Software Weaknesses,5,400
24,MemberOf,view,1387,Weaknesses in the 2022 CWE Top 25 Most Dangerous Software Weaknesses,5,400
25,MemberOf,category,1416,Comprehensive Categorization: Resource Lifecycle Management,5,400
1,ChildOf,class,407,Inefficient Algorithmic Complexity,20,1333
2,MemberOf,category,1226,Complexity Issues,20,1333
3,ChildOf,class,407,Inefficient Algorithmic Complexity,20,1333
4,MemberOf,category,1416,Comprehensive Categorization: Resource Lifecycle Management,20,1333
3,ChildOf,pillar,664,Improper Control of a Resource Through its Lifetime,20,400
4,ParentOf,class,405,Asymmetric Resource Consumption (Amplification),20,400
5,ParentOf,base,770,Allocation of Resources Without Limits or Throttling,20,400
6,ParentOf,base,771,Missing Reference to Active Allocated Resource,20,400
7,ParentOf,base,779,Logging of Excessive Data,20,400
8,ParentOf,base,920,Improper Restriction of Power Consumption,20,400
9,ParentOf,base,1235,Incorrect Use of Autoboxing and Unboxing for Performance Critical Operations,20,400
10,ParentOf,base,1246,Improper Write Handling in Limited-write Non-Volatile Memories,20,400
11,CanFollow,base,410,Insufficient Resource Pool,20,400
12,ParentOf,base,770,Allocation of Resources Without Limits or Throttling,20,400
13,ParentOf,base,920,Improper Restriction of Power Consumption,20,400
14,MemberOf,category,730,OWASP Top Ten 2004 Category A9 - Denial of Service,20,400
15,MemberOf,category,858,The CERT Oracle Secure Coding Standard for Java (2011) Chapter 15 - Serialization (SER),20,400
16,MemberOf,category,861,The CERT Oracle Secure Coding Standard for Java (2011) Chapter 18 - Miscellaneous (MSC),20,400
17,MemberOf,view,884,CWE Cross-section,20,400
18,MemberOf,category,985,SFP Secondary Cluster: Unrestricted Consumption,20,400
19,MemberOf,view,1003,Weaknesses for Simplified Mapping of Published Vulnerabilities,20,400
20,MemberOf,category,1148,SEI CERT Oracle Secure Coding Standard for Java - Guidelines 14. Serialization (SER),20,400
21,MemberOf,category,1152,SEI CERT Oracle Secure Coding Standard for Java - Guidelines 49. Miscellaneous (MSC),20,400
22,MemberOf,view,1200,Weaknesses in the 2019 CWE Top 25 Most Dangerous Software Errors,20,400
23,MemberOf,view,1350,Weaknesses in the 2020 CWE Top 25 Most Dangerous Software Weaknesses,20,400
24,MemberOf,view,1387,Weaknesses in the 2022 CWE Top 25 Most Dangerous Software Weaknesses,20,400
25,MemberOf,category,1416,Comprehensive Categorization: Resource Lifecycle Management,20,400
2,ChildOf,pillar,707,Improper Neutralization,19,20
3,ParentOf,base,179,Incorrect Behavior Order: Early Validation,19,20
4,ParentOf,variant,622,Improper Validation of Function Hook Arguments,19,20
5,ParentOf,base,1173,Improper Use of Validation Framework,19,20
6,ParentOf,base,1284,Improper Validation of Specified Quantity in Input,19,20
7,ParentOf,base,1285,"Improper Validation of Specified Index, Position, or Offset in Input",19,20
8,ParentOf,base,1286,Improper Validation of Syntactic Correctness of Input,19,20
9,ParentOf,base,1287,Improper Validation of Specified Type of Input,19,20
10,ParentOf,base,1288,Improper Validation of Consistency within Input,19,20
11,ParentOf,base,1289,Improper Validation of Unsafe Equivalence in Input,19,20
12,PeerOf,class,345,Insufficient Verification of Data Authenticity,19,20
13,CanPrecede,base,22,Improper Limitation of a Pathname to a Restricted Directory ('Path Traversal'),19,20
14,CanPrecede,base,41,Improper Resolution of Path Equivalence,19,20
15,CanPrecede,class,74,Improper Neutralization of Special Elements in Output Used by a Downstream Component ('Injection'),19,20
16,CanPrecede,class,119,Improper Restriction of Operations within the Bounds of a Memory Buffer,19,20
17,CanPrecede,base,770,Allocation of Resources Without Limits or Throttling,19,20
18,ParentOf,variant,129,Improper Validation of Array Index,19,20
19,ParentOf,base,1284,Improper Validation of Specified Quantity in Input,19,20
20,MemberOf,category,1019,Validate Inputs,19,20
21,ParentOf,base,15,External Control of System or Configuration Setting,19,20
22,ParentOf,base,73,External Control of File Name or Path,19,20
23,ParentOf,variant,102,Struts: Duplicate Validation Forms,19,20
24,ParentOf,variant,103,Struts: Incomplete validate() Method Definition,19,20
25,ParentOf,variant,104,Struts: Form Bean Does Not Extend Validation Class,19,20
26,ParentOf,variant,105,Struts: Form Field Without Validator,19,20
27,ParentOf,variant,106,Struts: Plug-in Framework not in Use,19,20
28,ParentOf,variant,107,Struts: Unused Validation Form,19,20
29,ParentOf,variant,108,Struts: Unvalidated Action Form,19,20
30,ParentOf,variant,109,Struts: Validator Turned Off,19,20
31,ParentOf,variant,110,Struts: Validator Without Form Field,19,20
32,ParentOf,variant,111,Direct Use of Unsafe JNI,19,20
33,ParentOf,base,112,Missing XML Validation,19,20
34,ParentOf,variant,113,Improper Neutralization of CRLF Sequences in HTTP Headers ('HTTP Request/Response Splitting'),19,20
35,ParentOf,class,114,Process Control,19,20
36,ParentOf,base,117,Improper Output Neutralization for Logs,19,20
37,ParentOf,class,119,Improper Restriction of Operations within the Bounds of a Memory Buffer,19,20
38,ParentOf,base,120,Buffer Copy without Checking Size of Input ('Classic Buffer Overflow'),19,20
39,ParentOf,base,134,Use of Externally-Controlled Format String,19,20
40,ParentOf,base,170,Improper Null Termination,19,20
41,ParentOf,base,190,Integer Overflow or Wraparound,19,20
42,ParentOf,base,466,Return of Pointer Value Outside of Expected Range,19,20
43,ParentOf,base,470,Use of Externally-Controlled Input to Select Classes or Code ('Unsafe Reflection'),19,20
44,ParentOf,variant,785,Use of Path Manipulation Function without Maximum-sized Buffer,19,20
45,MemberOf,view,635,Weaknesses Originally Used by NVD from 2008 to 2016,19,20
46,MemberOf,category,722,OWASP Top Ten 2004 Category A1 - Unvalidated Input,19,20
47,MemberOf,category,738,CERT C Secure Coding Standard (2008) Chapter 5 - Integers (INT),19,20
48,MemberOf,category,742,CERT C Secure Coding Standard (2008) Chapter 9 - Memory Management (MEM),19,20
49,MemberOf,category,746,CERT C Secure Coding Standard (2008) Chapter 13 - Error Handling (ERR),19,20
50,MemberOf,category,747,CERT C Secure Coding Standard (2008) Chapter 14 - Miscellaneous (MSC),19,20
51,MemberOf,category,751,2009 Top 25 - Insecure Interaction Between Components,19,20
52,MemberOf,category,872,CERT C++ Secure Coding Section 04 - Integers (INT),19,20
53,MemberOf,category,876,CERT C++ Secure Coding Section 08 - Memory Management (MEM),19,20
54,MemberOf,category,883,CERT C++ Secure Coding Section 49 - Miscellaneous (MSC),19,20
55,MemberOf,category,994,SFP Secondary Cluster: Tainted Input to Variable,19,20
56,MemberOf,view,1003,Weaknesses for Simplified Mapping of Published Vulnerabilities,19,20
57,MemberOf,category,1005,7PK - Input Validation and Representation,19,20
58,MemberOf,category,1163,SEI CERT C Coding Standard - Guidelines 09. Input Output (FIO),19,20
59,MemberOf,view,1200,Weaknesses in the 2019 CWE Top 25 Most Dangerous Software Errors,19,20
60,MemberOf,view,1337,Weaknesses in the 2021 CWE Top 25 Most Dangerous Software Weaknesses,19,20
61,MemberOf,category,1347,OWASP Top Ten 2021 Category A03:2021 - Injection,19,20
62,MemberOf,view,1350,Weaknesses in the 2020 CWE Top 25 Most Dangerous Software Weaknesses,19,20
63,MemberOf,category,1382,ICS Operations (& Maintenance): Emerging Energy Technologies,19,20
64,MemberOf,view,1387,Weaknesses in the 2022 CWE Top 25 Most Dangerous Software Weaknesses,19,20
65,MemberOf,category,1406,Comprehensive Categorization: Improper Input Validation,19,20
66,MemberOf,view,1425,Weaknesses in the 2023 CWE Top 25 Most Dangerous Software Weaknesses,19,20
2,ChildOf,class,200,Exposure of Sensitive Information to an Unauthorized Actor,10,215
3,CanFollow,base,489,Active Debug Code,10,215
4,MemberOf,category,199,Information Management Errors,10,215
5,MemberOf,category,717,OWASP Top Ten 2007 Category A6 - Information Leakage and Improper Error Handling,10,215
6,MemberOf,category,731,OWASP Top Ten 2004 Category A10 - Insecure Configuration Management,10,215
7,MemberOf,category,933,OWASP Top Ten 2013 Category A5 - Security Misconfiguration,10,215
8,MemberOf,category,963,SFP Secondary Cluster: Exposed Data,10,215
9,MemberOf,category,1417,Comprehensive Categorization: Sensitive Information Exposure,10,215
2,ChildOf,pillar,710,Improper Adherence to Coding Standards,10,489
3,ParentOf,variant,11,ASP.NET Misconfiguration: Creating Debug Binary,10,489
4,CanPrecede,base,215,Insertion of Sensitive Information Into Debugging Code,10,489
5,MemberOf,category,1006,Bad Coding Practices,10,489
6,MemberOf,category,485,7PK - Encapsulation,10,489
7,MemberOf,category,731,OWASP Top Ten 2004 Category A10 - Insecure Configuration Management,10,489
8,MemberOf,category,1002,SFP Secondary Cluster: Unexpected Entry Points,10,489
9,MemberOf,category,1371,ICS Supply Chain: Poorly Documented or Undocumented Features,10,489
10,MemberOf,category,1412,Comprehensive Categorization: Poor Coding Practices,10,489
2,ChildOf,class,287,Improper Authentication,6,295
3,ParentOf,base,296,Improper Following of a Certificate's Chain of Trust,6,295
4,ParentOf,variant,297,Improper Validation of Certificate with Host Mismatch,6,295
5,ParentOf,variant,298,Improper Validation of Certificate Expiration,6,295
6,ParentOf,base,299,Improper Check for Certificate Revocation,6,295
7,ParentOf,variant,599,Missing Validation of OpenSSL Certificate,6,295
8,PeerOf,base,322,Key Exchange without Entity Authentication,6,295
9,MemberOf,category,1211,Authentication Errors,6,295
10,ChildOf,class,287,Improper Authentication,6,295
11,MemberOf,category,1014,Identify Actors,6,295
12,MemberOf,category,731,OWASP Top Ten 2004 Category A10 - Insecure Configuration Management,6,295
13,MemberOf,category,1029,OWASP Top Ten 2017 Category A3 - Sensitive Data Exposure,6,295
14,MemberOf,view,1200,Weaknesses in the 2019 CWE Top 25 Most Dangerous Software Errors,6,295
15,MemberOf,category,1353,OWASP Top Ten 2021 Category A07:2021 - Identification and Authentication Failures,6,295
16,MemberOf,category,1382,ICS Operations (& Maintenance): Emerging Energy Technologies,6,295
17,MemberOf,category,1396,Comprehensive Categorization: Access Control,6,295
3,ChildOf,class,922,Insecure Storage of Sensitive Information,19,312
4,ChildOf,class,311,Missing Encryption of Sensitive Data,19,312
5,ParentOf,variant,313,Cleartext Storage in a File or on Disk,19,312
6,ParentOf,variant,314,Cleartext Storage in the Registry,19,312
7,ParentOf,variant,315,Cleartext Storage of Sensitive Information in a Cookie,19,312
8,ParentOf,variant,316,Cleartext Storage of Sensitive Information in Memory,19,312
9,ParentOf,variant,317,Cleartext Storage of Sensitive Information in GUI,19,312
10,ParentOf,variant,318,Cleartext Storage of Sensitive Information in Executable,19,312
11,ParentOf,variant,526,Cleartext Storage of Sensitive Information in an Environment Variable,19,312
12,MemberOf,category,199,Information Management Errors,19,312
13,ChildOf,class,311,Missing Encryption of Sensitive Data,19,312
14,MemberOf,category,1013,Encrypt Data,19,312
15,MemberOf,category,816,OWASP Top Ten 2010 Category A7 - Insecure Cryptographic Storage,19,312
16,MemberOf,view,884,CWE Cross-section,19,312
17,MemberOf,category,934,OWASP Top Ten 2013 Category A6 - Sensitive Data Exposure,19,312
18,MemberOf,category,963,SFP Secondary Cluster: Exposed Data,19,312
19,MemberOf,category,1029,OWASP Top Ten 2017 Category A3 - Sensitive Data Exposure,19,312
20,MemberOf,category,1348,OWASP Top Ten 2021 Category A04:2021 - Insecure Design,19,312
21,MemberOf,category,1366,ICS Communications: Frail Security in Protocols,19,312
22,MemberOf,category,1368,ICS Dependencies (& Architecture): External Digital Systems,19,312
23,MemberOf,category,1402,Comprehensive Categorization: Encryption,19,312
2,ChildOf,base,312,Cleartext Storage of Sensitive Information,19,315
3,MemberOf,category,1013,Encrypt Data,19,315
4,MemberOf,category,963,SFP Secondary Cluster: Exposed Data,19,315
5,MemberOf,category,1349,OWASP Top Ten 2021 Category A05:2021 - Security Misconfiguration,19,315
6,MemberOf,category,1402,Comprehensive Categorization: Encryption,19,315
2,ChildOf,class,200,Exposure of Sensitive Information to an Unauthorized Actor,19,359
3,MemberOf,category,199,Information Management Errors,19,359
4,MemberOf,category,1011,Authorize Actors,19,359
5,MemberOf,category,254,7PK - Security Features,19,359
6,MemberOf,category,857,The CERT Oracle Secure Coding Standard for Java (2011) Chapter 14 - Input Output (FIO),19,359
7,MemberOf,category,975,SFP Secondary Cluster: Architecture,19,359
8,MemberOf,category,1029,OWASP Top Ten 2017 Category A3 - Sensitive Data Exposure,19,359
9,MemberOf,category,1147,SEI CERT Oracle Secure Coding Standard for Java - Guidelines 13. Input Output (FIO),19,359
10,MemberOf,view,1340,CISQ Data Protection Measures,19,359
11,MemberOf,category,1345,OWASP Top Ten 2021 Category A01:2021 - Broken Access Control,19,359
12,MemberOf,category,1417,Comprehensive Categorization: Sensitive Information Exposure,19,359
3,ChildOf,class,922,Insecure Storage of Sensitive Information,31,312
4,ChildOf,class,311,Missing Encryption of Sensitive Data,31,312
5,ParentOf,variant,313,Cleartext Storage in a File or on Disk,31,312
6,ParentOf,variant,314,Cleartext Storage in the Registry,31,312
7,ParentOf,variant,315,Cleartext Storage of Sensitive Information in a Cookie,31,312
8,ParentOf,variant,316,Cleartext Storage of Sensitive Information in Memory,31,312
9,ParentOf,variant,317,Cleartext Storage of Sensitive Information in GUI,31,312
10,ParentOf,variant,318,Cleartext Storage of Sensitive Information in Executable,31,312
11,ParentOf,variant,526,Cleartext Storage of Sensitive Information in an Environment Variable,31,312
12,MemberOf,category,199,Information Management Errors,31,312
13,ChildOf,class,311,Missing Encryption of Sensitive Data,31,312
14,MemberOf,category,1013,Encrypt Data,31,312
15,MemberOf,category,816,OWASP Top Ten 2010 Category A7 - Insecure Cryptographic Storage,31,312
16,MemberOf,view,884,CWE Cross-section,31,312
17,MemberOf,category,934,OWASP Top Ten 2013 Category A6 - Sensitive Data Exposure,31,312
18,MemberOf,category,963,SFP Secondary Cluster: Exposed Data,31,312
19,MemberOf,category,1029,OWASP Top Ten 2017 Category A3 - Sensitive Data Exposure,31,312
20,MemberOf,category,1348,OWASP Top Ten 2021 Category A04:2021 - Insecure Design,31,312
21,MemberOf,category,1366,ICS Communications: Frail Security in Protocols,31,312
22,MemberOf,category,1368,ICS Dependencies (& Architecture): External Digital Systems,31,312
23,MemberOf,category,1402,Comprehensive Categorization: Encryption,31,312
2,ChildOf,class,200,Exposure of Sensitive Information to an Unauthorized Actor,31,359
3,MemberOf,category,199,Information Management Errors,31,359
4,MemberOf,category,1011,Authorize Actors,31,359
5,MemberOf,category,254,7PK - Security Features,31,359
6,MemberOf,category,857,The CERT Oracle Secure Coding Standard for Java (2011) Chapter 14 - Input Output (FIO),31,359
7,MemberOf,category,975,SFP Secondary Cluster: Architecture,31,359
8,MemberOf,category,1029,OWASP Top Ten 2017 Category A3 - Sensitive Data Exposure,31,359
9,MemberOf,category,1147,SEI CERT Oracle Secure Coding Standard for Java - Guidelines 13. Input Output (FIO),31,359
10,MemberOf,view,1340,CISQ Data Protection Measures,31,359
11,MemberOf,category,1345,OWASP Top Ten 2021 Category A01:2021 - Broken Access Control,31,359
12,MemberOf,category,1417,Comprehensive Categorization: Sensitive Information Exposure,31,359
3,ChildOf,base,538,Insertion of Sensitive Information into Externally-Accessible File or Directory,31,532
4,ChildOf,class,200,Exposure of Sensitive Information to an Unauthorized Actor,31,532
5,MemberOf,category,1009,Audit,31,532
6,MemberOf,category,731,OWASP Top Ten 2004 Category A10 - Insecure Configuration Management,31,532
7,MemberOf,category,857,The CERT Oracle Secure Coding Standard for Java (2011) Chapter 14 - Input Output (FIO),31,532
8,MemberOf,category,963,SFP Secondary Cluster: Exposed Data,31,532
9,MemberOf,category,1147,SEI CERT Oracle Secure Coding Standard for Java - Guidelines 13. Input Output (FIO),31,532
10,MemberOf,category,1355,OWASP Top Ten 2021 Category A09:2021 - Security Logging and Monitoring Failures,31,532
11,MemberOf,category,1417,Comprehensive Categorization: Sensitive Information Exposure,31,532
3,ChildOf,pillar,693,Protection Mechanism Failure,11,327
4,ParentOf,base,328,Use of Weak Hash,11,327
5,ParentOf,variant,780,Use of RSA Algorithm without OAEP,11,327
6,ParentOf,base,1240,Use of a Cryptographic Primitive with a Risky Implementation,11,327
7,PeerOf,class,311,Missing Encryption of Sensitive Data,11,327
8,PeerOf,base,301,Reflection Attack in an Authentication Protocol,11,327
9,CanFollow,base,208,Observable Timing Discrepancy,11,327
10,ParentOf,base,916,Use of Password Hash With Insufficient Computational Effort,11,327
11,MemberOf,category,1013,Encrypt Data,11,327
12,MemberOf,category,729,OWASP Top Ten 2004 Category A8 - Insecure Storage,11,327
13,MemberOf,category,753,2009 Top 25 - Porous Defenses,11,327
14,MemberOf,category,803,2010 Top 25 - Porous Defenses,11,327
15,MemberOf,category,816,OWASP Top Ten 2010 Category A7 - Insecure Cryptographic Storage,11,327
16,MemberOf,category,866,2011 Top 25 - Porous Defenses,11,327
17,MemberOf,category,883,CERT C++ Secure Coding Section 49 - Miscellaneous (MSC),11,327
18,MemberOf,view,884,CWE Cross-section,11,327
19,MemberOf,category,934,OWASP Top Ten 2013 Category A6 - Sensitive Data Exposure,11,327
20,MemberOf,category,958,SFP Secondary Cluster: Broken Cryptography,11,327
21,MemberOf,view,1003,Weaknesses for Simplified Mapping of Published Vulnerabilities,11,327
22,MemberOf,category,1029,OWASP Top Ten 2017 Category A3 - Sensitive Data Exposure,11,327
23,MemberOf,category,1131,CISQ Quality Measures (2016) - Security,11,327
24,MemberOf,category,1152,SEI CERT Oracle Secure Coding Standard for Java - Guidelines 49. Miscellaneous (MSC),11,327
25,MemberOf,category,1170,SEI CERT C Coding Standard - Guidelines 48. Miscellaneous (MSC),11,327
26,MemberOf,category,1346,OWASP Top Ten 2021 Category A02:2021 - Cryptographic Failures,11,327
27,MemberOf,category,1366,ICS Communications: Frail Security in Protocols,11,327
28,MemberOf,category,1402,Comprehensive Categorization: Encryption,11,327
2,ChildOf,class,326,Inadequate Encryption Strength,11,328
3,ChildOf,class,327,Use of a Broken or Risky Cryptographic Algorithm,11,328
4,ParentOf,base,916,Use of Password Hash With Insufficient Computational Effort,11,328
5,MemberOf,category,310,Cryptographic Issues,11,328
6,MemberOf,category,1013,Encrypt Data,11,328
7,MemberOf,category,934,OWASP Top Ten 2013 Category A6 - Sensitive Data Exposure,11,328
8,MemberOf,category,958,SFP Secondary Cluster: Broken Cryptography,11,328
9,MemberOf,category,1029,OWASP Top Ten 2017 Category A3 - Sensitive Data Exposure,11,328
10,MemberOf,category,1346,OWASP Top Ten 2021 Category A02:2021 - Cryptographic Failures,11,328
11,MemberOf,category,1402,Comprehensive Categorization: Encryption,11,328
1,ChildOf,base,328,Use of Weak Hash,11,916
2,ParentOf,variant,759,Use of a One-Way Hash without a Salt,11,916
3,ParentOf,variant,760,Use of a One-Way Hash with a Predictable Salt,11,916
4,MemberOf,category,255,Credentials Management Errors,11,916
5,MemberOf,category,310,Cryptographic Issues,11,916
6,ChildOf,class,327,Use of a Broken or Risky Cryptographic Algorithm,11,916
7,MemberOf,category,1010,Authenticate Actors,11,916
8,MemberOf,category,1346,OWASP Top Ten 2021 Category A02:2021 - Cryptographic Failures,11,916
9,MemberOf,category,1402,Comprehensive Categorization: Encryption,11,916
3,ChildOf,pillar,693,Protection Mechanism Failure,4,327
4,ParentOf,base,328,Use of Weak Hash,4,327
5,ParentOf,variant,780,Use of RSA Algorithm without OAEP,4,327
6,ParentOf,base,1240,Use of a Cryptographic Primitive with a Risky Implementation,4,327
7,PeerOf,class,311,Missing Encryption of Sensitive Data,4,327
8,PeerOf,base,301,Reflection Attack in an Authentication Protocol,4,327
9,CanFollow,base,208,Observable Timing Discrepancy,4,327
10,ParentOf,base,916,Use of Password Hash With Insufficient Computational Effort,4,327
11,MemberOf,category,1013,Encrypt Data,4,327
12,MemberOf,category,729,OWASP Top Ten 2004 Category A8 - Insecure Storage,4,327
13,MemberOf,category,753,2009 Top 25 - Porous Defenses,4,327
14,MemberOf,category,803,2010 Top 25 - Porous Defenses,4,327
15,MemberOf,category,816,OWASP Top Ten 2010 Category A7 - Insecure Cryptographic Storage,4,327
16,MemberOf,category,866,2011 Top 25 - Porous Defenses,4,327
17,MemberOf,category,883,CERT C++ Secure Coding Section 49 - Miscellaneous (MSC),4,327
18,MemberOf,view,884,CWE Cross-section,4,327
19,MemberOf,category,934,OWASP Top Ten 2013 Category A6 - Sensitive Data Exposure,4,327
20,MemberOf,category,958,SFP Secondary Cluster: Broken Cryptography,4,327
21,MemberOf,view,1003,Weaknesses for Simplified Mapping of Published Vulnerabilities,4,327
22,MemberOf,category,1029,OWASP Top Ten 2017 Category A3 - Sensitive Data Exposure,4,327
23,MemberOf,category,1131,CISQ Quality Measures (2016) - Security,4,327
24,MemberOf,category,1152,SEI CERT Oracle Secure Coding Standard for Java - Guidelines 49. Miscellaneous (MSC),4,327
25,MemberOf,category,1170,SEI CERT C Coding Standard - Guidelines 48. Miscellaneous (MSC),4,327
26,MemberOf,category,1346,OWASP Top Ten 2021 Category A02:2021 - Cryptographic Failures,4,327
27,MemberOf,category,1366,ICS Communications: Frail Security in Protocols,4,327
28,MemberOf,category,1402,Comprehensive Categorization: Encryption,4,327
3,ChildOf,pillar,693,Protection Mechanism Failure,8,327
4,ParentOf,base,328,Use of Weak Hash,8,327
5,ParentOf,variant,780,Use of RSA Algorithm without OAEP,8,327
6,ParentOf,base,1240,Use of a Cryptographic Primitive with a Risky Implementation,8,327
7,PeerOf,class,311,Missing Encryption of Sensitive Data,8,327
8,PeerOf,base,301,Reflection Attack in an Authentication Protocol,8,327
9,CanFollow,base,208,Observable Timing Discrepancy,8,327
10,ParentOf,base,916,Use of Password Hash With Insufficient Computational Effort,8,327
11,MemberOf,category,1013,Encrypt Data,8,327
12,MemberOf,category,729,OWASP Top Ten 2004 Category A8 - Insecure Storage,8,327
13,MemberOf,category,753,2009 Top 25 - Porous Defenses,8,327
14,MemberOf,category,803,2010 Top 25 - Porous Defenses,8,327
15,MemberOf,category,816,OWASP Top Ten 2010 Category A7 - Insecure Cryptographic Storage,8,327
16,MemberOf,category,866,2011 Top 25 - Porous Defenses,8,327
17,MemberOf,category,883,CERT C++ Secure Coding Section 49 - Miscellaneous (MSC),8,327
18,MemberOf,view,884,CWE Cross-section,8,327
19,MemberOf,category,934,OWASP Top Ten 2013 Category A6 - Sensitive Data Exposure,8,327
20,MemberOf,category,958,SFP Secondary Cluster: Broken Cryptography,8,327
21,MemberOf,view,1003,Weaknesses for Simplified Mapping of Published Vulnerabilities,8,327
22,MemberOf,category,1029,OWASP Top Ten 2017 Category A3 - Sensitive Data Exposure,8,327
23,MemberOf,category,1131,CISQ Quality Measures (2016) - Security,8,327
24,MemberOf,category,1152,SEI CERT Oracle Secure Coding Standard for Java - Guidelines 49. Miscellaneous (MSC),8,327
25,MemberOf,category,1170,SEI CERT C Coding Standard - Guidelines 48. Miscellaneous (MSC),8,327
26,MemberOf,category,1346,OWASP Top Ten 2021 Category A02:2021 - Cryptographic Failures,8,327
27,MemberOf,category,1366,ICS Communications: Frail Security in Protocols,8,327
28,MemberOf,category,1402,Comprehensive Categorization: Encryption,8,327
1,ChildOf,class,668,Exposure of Resource to Wrong Sphere,28,377
2,ParentOf,base,378,Creation of Temporary File With Insecure Permissions,28,377
3,ParentOf,base,379,Creation of Temporary File in Directory with Insecure Permissions,28,377
4,MemberOf,category,361,7PK - Time and State,28,377
5,MemberOf,category,857,The CERT Oracle Secure Coding Standard for Java (2011) Chapter 14 - Input Output (FIO),28,377
6,MemberOf,category,964,SFP Secondary Cluster: Exposure Temporary File,28,377
7,MemberOf,category,1147,SEI CERT Oracle Secure Coding Standard for Java - Guidelines 13. Input Output (FIO),28,377
8,MemberOf,category,1169,SEI CERT C Coding Standard - Guidelines 14. Concurrency (CON),28,377
9,MemberOf,category,1345,OWASP Top Ten 2021 Category A01:2021 - Broken Access Control,28,377
10,MemberOf,category,1366,ICS Communications: Frail Security in Protocols,28,377
11,MemberOf,category,1403,Comprehensive Categorization: Exposed Resource,28,377
